 33 Across,33Across
 Adobe Dynamic Tag Management,Adobe Dynamic Tag Management (Launch)
 Adobe Marketing Cloud,Adobe Experience Cloud
 Alexa Certified Site Metrics,Alexa Certified Site Metrics
 Alexa Metrics,Alexa Metrics
 AppDynamics,AppDynamics
 Bazaarvoice,Bazaarvoice
 Bing Universal Event Tracking,Bing Universal Event Tracking
 Bombora,Bombora
 Branch,Branch
 Chartbeat,Chartbeat
 ClickTale,Clicktale
 comScore,comScore
 CQuotient,Salesforce Commerce Cloud
 CrazyEgg,CrazyEgg
 Cross Pixel Media,Cross Pixel
 Datalogix,Datalogix (Oracle Data Cloud)
 DataXu,DataXu
 Demandbase,Demandbase
 Digioh,Digioh
 Dotomi,Conversant 
 DoubleClick Floodlight,DoubleClick Floodlight
 Dynatrace,Dynatrace
 Efficient Frontier,Adobe Advertising Cloud
 Eloqua,Oracle Eloqua
 Everest Technologies,Adobe Advertising Cloud
 ExposeBox,ExposeBox
 Facebook Conversion Tracking,Facebook pixel
 Facebook Domain Insights,Do not use
 Facebook Pixel,Facebook pixel
 Facebook Signal,Do not use
 Facebook Tag API,Facebook Pixel
 Fastly,Do not use
 Flipp,Do not use
 ForeSee Results,ForeSee
 Gemius PL,Gemius
 Google Analytics,Google Analytics
 Google Analytics IP Anonymization,Do not use
 Google Analytics with Ad Tracking,Google Analytics
 Google Conversion Tracking,Google Conversion Tracking
 Google Global Site Tag,Google Global Site Tag (gtag.js)
 Google Optimize 360,Google Optimize
 Hotjar,Hotjar
 Hubspot,Hubspot
 IgnitionOne,IgnitionOne
 iGoDigital,Salesforce Email Studio
 InsightExpress,Kantar Millward Brown Solutions
 IXI Digital,Equifax Digital Targeting Segments
 Kenshoo,Kenshoo
 Krux Digital,Salesforce DMP
 LinkedIn Insights,LinkedIn Marketing Solutions
 LiveRamp,LiveRamp
 Loggly,Loggly
 Lotame Crowd Control,Lotame
 Marin Software,Marin Software
 Marketo,Marketo
 Matomo,Matomo (formerly Piwik)
 MediaMath,MediaMath
 MediaMind,Sizmek
 Microsoft Application Insights,Azure Application Insights
 Mixpanel,Mixpanel
 Moat,Moat
 Monetate,Monetate
 Netmining,Netmining
 New Relic,New Relic
 Nielsen//NetRatings,Nielsen
 Omniture Adobe Test and Target,Adobe Target
 Omniture SiteCatalyst,Adobe Analytics
 Optimizely,Optimizely
 OwnerIQ,OwnerIQ
 PageFair,PageFair
 Pardot,Salesforce Pardot
 Parse.ly,Parse.ly
 Pingdom RUM,Pingdom RUM
 Pixalate,Pixalate
 Qualia,Qualia Analytics
 Quantcast Measurement,Quantcast
 Rapleaf,TowerData
 Salesforce,Salesforce CRM
 Segment,Segment
 Sift Science,Sift
 Signal,Signal
 Snowplow,Snowplow Analytics
 Soasta mPulse,Akamai mPulse
 StatCounter,Statcounter
 TeaLeaf,IBM Watson Customer Experience Analytics
 Twitter Analytics,Twitter Analytics
 Twitter Conversion Tracking,Twitter Conversion Tracking
 Twitter Website Universal Tag,Twitter Conversion Tracking
 Tynt Tracer,Do not use
 Visual Website Optimizer,Visual Website Optimizer (VWO) 
 VoiceFive,Comscore
 WebTrends,Webtrends
 Yahoo Dot,Do not use
 Yahoo Web Analytics,Do not use
 Yandex Metrika,Yandex Metrica
 Yieldr,Do not use
 4Cite,4Cite
 AB Tasty,AB Tasty
 Active Campaign,Active Campaign
 Adjust,Adjust
 Adobe CQ Analytics,Adobe Analytics
 Adrizer,Adrizer
 AirPR,AirPR
 Amplitude,Amplitude
 Attentive,Attentive
 AudioEye,AudioEye
 AvantMetrics,AvantMetrics
 aWeber,aWeber
 Baidu Analytics,Baidu Analytics
 Beeketing,Beeketing
 Bizible,Bizible
 BloomReach,BloomReach
 Blue Triangle Tech,Blue Triangle
 BlueConic,BlueConic
 BlueCore,BlueCore
 Bold Commerce,Bold Commerce
 Boomtrain,Zetahub
 Braze,Braze
 Bronto,Oracle Bronto
 Cardlytics,Cardlytics
 Cedexis,Do not use
 Certona,Certona
 ChannelAdvisor,ChannelAdvisor
 Clicky,Do not use
 Convert,Do not use
 ConvertKit,ConvertKit
 Convertro,Do not use
 Coremetrics,IBM Digital Analytics
 Crimson Hexagon,Crimson Hexagon
 Curalate,Curalate
 DC Storm,Rakuten Marketing 
 Decibel Insight,Decibel Insight
 Digital Window,Do not use
 Distil Bot Discovery,Do not use
 Drip,Drip
 Dynamic Yield,Dynamic Yield
 Evergage,Evergage
 Exactag,Exactag
 Extole,Extole
 Foresee Answers Cloud,Foresee
 Forter,Forter
 Fraudlogix,Fraudlogix
FullStory,FullStory
 Google Content Experiments,Do not use
 Heap,Heap
 Infusionsoft,Infusionsoft
 Inspectlet,Inspectlet
 Instart Logic Loader,Instart
 iovation,Do not use
 iPerceptions,iPerceptions
 Jetlore,Do not use
 Keen IO,Keen IO
 Keywee,Keywee
 KISSmetrics,KISSmetrics
 Klaviyo,Klaviyo
 LiftIgniter,LiftIgniter
 Listrak,Listrak
 Lucky Orange,Lucky Orange
 Lytics,Lytics
 MailerLite,MailerLite
 Mailite Lite,Do not use
 MailMunch,Do not use
 Maxymiser,Oracle Maxymiser
 MiloTree,Do not use
 Mouseflow,Mouseflow
 NaviStone,Do not use
 OpinionLab,OpinionLab
 PayPal Marketing Solutions,Do not use
 Placed,Placed
 Placester,Do not use
 PriceSpider,PriceSpider
 Quantum Metric,Quantum Metric
 Raygun,Do not use
 Reflektion,Reflektion
 Riskified,Do not use
 Salesforce Web to Lead,Salesforce CRM
 ScarabResearch,ScarabResearch
 SecuredVisit,Do not use
 SessionCam,SessionCam
 Shareaholic,Shareaholic
 ShieldSquare,Do not use
 Sidecar,Do not use
 Silverpop,IBM Digital Marketing
 SiteSpect,SiteSpect
 SLI Systems,SLI Systems
 SteelHouse,SteelHouse
 ThreatMetrix,Do not use
 trueAnthem,trueAnthem
 Trustpilot,Do not use
 TVSquared,TVSquared
 Usabilla,Usabilla
 UserZoom,UserZoom
 Visual Studio Tracking,Do not use
 VisualDNA,Do not use
 Yottaa,Yottaa
BlueKai,Oracle BlueKai
BlueKai DMP,Oracle BlueKai
DoubleClick Floodlight,DoubleClick
DoubleClick Bid Manager,DoubleClick
Tagman,Ensighten
 6sense, 6sense
 Acquia Lift, Acquia Lift
 Act-On, Act-On
 Ambassador, Ambassador
 Angulartics, Angulartics
 Atlas Action Tags, Atlas Action Tags
 Autopilot, Autopilot
 Barracuda Web App Firewall, Barracuda Web App Firewall
 Baynote,Kibo
 BorderFree, BorderFree
 Bound, Bound
 CallTrackingMetrics,Visual Website Optimizer (VWO) 
 Castle, Castle
 Clearbit, Clearbit
 ClickFunnels, ClickFunnels
 Cloudflare Rocket Loader, Cloudflare Rocket Loader
 CNZZ, CNZZ
 Compete,Do not use
 Content Square, Content Square
 CoolaData, CoolaData
 Customer.io, Customer.io
 Custora, Custora
 Datalicious DataCollector, Datalicious DataCollector
 DataSphere, DataSphere
 Departapp, Departapp
 dotMailer, dotMailer
 Effective Measure,Narratiive
 Engagio, Engagio
 Experian Stats, Experian Stats
 Financial Content, Financial Content
 G2 Crowd Conversion, G2 Crowd Conversion
 Gaug.es, Gaug.es
 Gleam, Gleam
 GlobalWebIndex, GlobalWebIndex
 GoSquared, GoSquared
 Grafana, Grafana
 Groupby Searchandiser, Groupby Searchandiser
 Heatmap IT, Heatmap IT
 Honeybadger, Honeybadger
 House of Next Tuesday, House of Next Tuesday
 Inside, Inside
 Insightera,Marketo
 IO Technologies, IO Technologies
 ipstack, ipstack
 Jirafe,Hybris 
 Kochava, Kochava
 Lead Forensics, Lead Forensics
 LeadLander, LeadLander
 LimeSpot, LimeSpot
 Linqia, Linqia
 LiveBall, LiveBall
 Liveclicker, Liveclicker
 Mass Relevance,Lithium
 Mercent,CommerceHub
 Meredith,Do not use
 Monsido, Monsido
 mParticle, mParticle
 Navegg,Dentsu Aegis Network
 Naver Analytics, Naver Analytics
 News Distribution Network, News Distribution Network
 Nextopia, Nextopia
 Nosto, Nosto
 Nuance, Nuance
 OneAll, OneAll
 OnThe IO, OnThe IO
 Pendo, Pendo
 PicReel, PicReel
 ProfitWell,ProfitWell
 Qubit Deliver, Qubit Pro
 Recart, Recart
 Recruitics, Recruitics
 Refersion, Refersion
 Report URI.io, Report URI.io
 Responsys,Oracle Responsys
 Retention Science, Retention Science
 SaleCycle, SaleCycle
 Secomapp, Secomapp
 SeeWhy,SAP
 Site Meter,Do not use
 SmarterTravel Media, SmarterTravel Media
 Smartlook, Smartlook
 Survicate, Survicate
 Terminus, Terminus
 TradeDoubler, TradeDoubler
 Traqli, Traqli
 Treasure Data,Arm Treasure Data
 Typepad Analytics, Typepad Analytics
 Unbxd, Unbxd
 Unica,IBM Unica
 UpSellit, UpSellit
 Urchin 5,Google Analytics
 Ve Interactive,Ve Global
 Visual Sciences,Adobe Analytics
 Vizury, Vizury
 whos.amung.us,Do not use
 Wicked Reports, Wicked Reports
 Woopra, Woopra
 WordPress Stats, WordPress Stats
 Yieldify, Yieldify
 Zarget,Freshworks
 Zmags, Zmags
 Acquisio, Acquisio
 Acxiom,IPG
 Agilone, Agilone
 Akamai Acerno,Akamai 
 Alexa Analytics, Alexa Analytics
 AT Internet, AT Internet
 Atatus, Atatus
 ATInternet, ATInternet
 BrightEdge, BrightEdge
 BrightFunnel,Terminus 
 Candid, Candid
 Capterra, Capterra
 CartStack, CartStack
 Chute,Ignite Technologies
 Clearlink, Clearlink
 CleverTap, CleverTap
 ClickDimensions, ClickDimensions
 Clustr Maps,Do not use
 Commerce Sciences, Commerce Sciences
 Conversio, Conversio
 Conversions Box, Conversions Box
 CrowdTwist, CrowdTwist
 Dynamic 1001, Dynamic 1001
 Dynamic Logic, Dynamic Logic
 eBay Enterprise,Radial 
 eStat,Do not use
 EveryAction, EveryAction
 eXTReMe Tracking,Do not use
 FCA Group, FCA Group
 Feathr, Feathr
 Findify, Findify
 Flag Counter, Flag Counter
 Givex, Givex
 GlassBox, GlassBox
 Google Website Optimizer,Google Analytics 
 Granify, Granify
 Gravity Insights, Gravity Insights
 Histats,Do not use
 i-parcel, i-parcel
 Idio, Idio
 Infoline, Infoline
 Intelligent Reach, Intelligent Reach
 Intuitive Search Technologies,Do not use
 Invite Media, Invite Media
 ItsUp, ItsUp
 Kount, Kount
 LeadDyno, LeadDyno
 Leadin,Hubspot 
 Lexity,Yahoo 
 Localytics, Localytics
 Logentries, Logentries
 Loggr, Loggr
 Marketizator, Marketizator
 MarketLive Analytics, MarketLive Analytics
 Mint, Mint
 MoEngage, MoEngage
 MouseStats,Do not use
 MyBlogLog,Yahoo 
 NetElixir, NetElixir
 netFactor - VisitorTracker, netFactor - VisitorTracker
 Oktopost, Oktopost
 OmniConvert, OmniConvert
 ONEcount, ONEcount
 Ontraport, Ontraport
 OptiMonk, OptiMonk
 Optimost,Opentext 
 Oribi Analytics, Oribi Analytics
 Proof,useproof 
 Reactful, Reactful
 RebelMouse, RebelMouse
 ROI Revolution, ROI Revolution
 SalesLoft, SalesLoft
 Sellpoints, Sellpoints
 SendOwl, SendOwl
 SendPulse, SendPulse
 Sentient ASCEND, Sentient ASCEND
 SharpSpring, SharpSpring
 Skyword, Skyword
 SmarterHQ, SmarterHQ
 SnapApp, SnapApp
 Swell Rewards, Swell Rewards
 Tapfiliate,Do not use
 Totango, Totango
 TrackDuck, TrackDuck
 Triblio, Triblio
 TruConversion, TruConversion
 TrueFit, TrueFit
 UserReplay,Do not use
 Vero, Vero
 Visual IQ, Visual IQ
 Wayin, Wayin
 WebTrends Optimize,Do not use
 Wheelio, Wheelio
 Windsor Circle,Do not use
 WizRocket,Clever Tap 
 Wyng Digital, Wyng Digital
 Wywy,Do not use
 XiTi,Do not use
 Yahoo Tag Manager,Do not use
 Zaius, Zaius
 Affiliatly,Affiliatly
 Agile CRM,Agile CRM
 Angelfish,Angelfish Software
 Barilliance,Barilliance
 BeanstalkData,Xenial
 Birdeye,BirdEye
 BizSpring,BizSpring (Korea)
 Blueshift,Blueshift
 Cart Rocket,Cart Rocket
 Celebros,Celebros
 Channel IQ,Numerator
 Cloud IQ,Cloud IQ
 coherent path,Coherent Path
 Deadline Funnel,Deadline Funnel
 Fera,Fera.ai
 FocusVision,FocusVision
 Ford Analytics,Ford Analytics
 Free Logs,Do not use
 Fresh Relevance,Fresh Relevance
 Freshsales,Freshworks 
 Gator,Do not use
 Gemius,Gemius